parameter,lower_bound,upper_bound,Aligned
D,0.01,0.5,yes
KB,3.63078054770101E-08,3.63078054770101E-08,yes
K_mu,2,2,yes
K_mu_trp,4.9E-12,4.9E-12,na
S0,4,4,yes
S0_trp,0,0,na
g,1000000000000,1000000000000,yes
g_trp,1000000000000,1000000000000,yes
kA,1.00E-19,1.00E-20,not given
kBmax,3E-12,3E-12,yes
mu_max,0.4,3,yes
nB,2,2,yes
omega_max,120000000,120000000,Yes
p,2.02E-14,2.02E-13,na
kV,3.63078054770101E-08,3.63078054770101E-08,Yes
kV_max,3E-21,3E-21,
K_V,7.2276E-15,7.2276E-15,Yes
nV,2,2,Yes
